[{
  "_id": {
    "$oid": "6522a2292589431b4ccb8f1e"
  },
  "email": "varungoplkp@gmail.com",
  "password": "$2b$10$YU3865xFR8NSqR/ah9lndOMWt1ONO8Bgzekb3OOtvhiQcg.XQVZfi",
  "createdAt": {
    "$date": "2023-10-08T12:35:53.876Z"
  },
  "updatedAt": {
    "$date": "2023-10-08T12:35:53.876Z"
  },
  "__v": 0
},
{
  "_id": {
    "$oid": "652313c6b4f58e34bb661fe7"
  },
  "email": "test@test.com",
  "password": "$2b$10$p0rHqFpPAsWVadDzCfHnuOCgdxl/FOTUnbos/phmxWYRfN7H/BYdi",
  "createdAt": {
    "$date": "2023-10-08T20:40:38.709Z"
  },
  "updatedAt": {
    "$date": "2023-10-08T20:40:38.709Z"
  },
  "__v": 0
},
{
  "_id": {
    "$oid": "652318c46d53af57afef1f15"
  },
  "email": "test1@test.com",
  "password": "$2b$10$7r29uoc4TrnJREul18I2AO89wN/iXQZrupXAfGlx1gcBDkOxzrJzq",
  "createdAt": {
    "$date": "2023-10-08T21:01:56.501Z"
  },
  "updatedAt": {
    "$date": "2023-10-08T21:01:56.501Z"
  },
  "__v": 0
}]